Book Name,Author Name,Price,Publish Date
Whispers of the Banyan Tree,Meera Joshi,399,2024-08-12
Code of the Ancients,Rahul Sharma,599,2023-11-01
Moonlight on the Ganges,Anjali Patel,349,2025-01-19
The Forgotten Shrine,Vikram Rao,450,2022-07-30
Beyond the Sacred Hills,Kavita Nair,299,2023-03-05
Threads of Karma,Arjun Malhotra,550,2024-12-21
Letters to a Monsoon Heart,Sneha Desai,379,2025-04-10
The Last Manuscript,Devansh Kapoor,620,2022-10-15
Echoes from Harappa,Isha Mehta,480,2023-06-25
Temple of the Crimson Sky,Rudra Iyer,530,2025-02-02
